Bulbasaur,,bulbasaur,BULBASAUR,1
Ivysaur,,ivysaur,IVYSAUR,2
Venusaur,,venusaur,VENUSAUR,3
Charmander,,charmander,CHARMANDER,4
Charmeleon,,charmeleon,CHARMELEON,5
Charizard,,charizard,CHARIZARD,6
Squirtle,,squirtle,SQUIRTLE,7
Wartortle,,wartortle,WARTORTLE,8
Blastoise,,blastoise,BLASTOISE,9
Caterpie,,caterpie,CATERPIE,10
Metapod,,metapod,METAPOD,11
Butterfree,,butterfree,BUTTERFREE,12
Weedle,,weedle,WEEDLE,13
Kakuna,,kakuna,KAKUNA,14
Beedrill,,beedrill,BEEDRILL,15
Pidgey,,pidgey,PIDGEY,16
Pidgeotto,,pidgeotto,PIDGEOTTO,17
Pidgeot,,pidgeot,PIDGEOT,18
Rattata,,rattata,RATTATA,19
Raticate,,raticate,RATICATE,20
Spearow,,spearow,SPEAROW,21
Fearow,,fearow,FEAROW,22
Ekans,,ekans,EKANS,23
Arbok,,arbok,ARBOK,24
Pikachu,,pikachu,PIKACHU,25
Raichu,,raichu,RAICHU,26
Sandshrew,,sandshrew,SANDSHREW,27
Sandslash,,sandslash,SANDSLASH,28
Nidoran♀,,nidoran♀,NIDORAN♀,29
Nidorina,,nidorina,NIDORINA,30
Nidoqueen,,nidoqueen,NIDOQUEEN,31
Nidoran♂,,nidoran♂,NIDORAN♂,32
Nidorino,,nidorino,NIDORINO,33
Nidoking,,nidoking,NIDOKING,34
Clefairy,,clefairy,CLEFAIRY,35
Clefable,,clefable,CLEFABLE,36
Vulpix,,vulpix,VULPIX,37
Ninetales,,ninetales,NINETALES,38
Jigglypuff,,jigglypuff,JIGGLYPUFF,39
Wigglytuff,,wigglytuff,WIGGLYTUFF,40
Zubat,,zubat,ZUBAT,41
Golbat,,golbat,GOLBAT,42
Oddish,,oddish,ODDISH,43
Gloom,,gloom,GLOOM,44
Vileplume,,vileplume,VILEPLUME,45
Paras,,paras,PARAS,46
Parasect,,parasect,PARASECT,47
Venonat,,venonat,VENONAT,48
Venomoth,,venomoth,VENOMOTH,49
Diglett,,diglett,DIGLETT,50
Dugtrio,,dugtrio,DUGTRIO,51
Meowth,,meowth,MEOWTH,52
Persian,,persian,PERSIAN,53
Psyduck,,psyduck,PSYDUCK,54
Golduck,,golduck,GOLDUCK,55
Mankey,,mankey,MANKEY,56
Primeape,,primeape,PRIMEAPE,57
Growlithe,,growlithe,GROWLITHE,58
Arcanine,,arcanine,ARCANINE,59
Poliwag,,poliwag,POLIWAG,60
Poliwhirl,,poliwhirl,POLIWHIRL,61
Poliwrath,,poliwrath,POLIWRATH,62
Abra,,abra,ABRA,63
Kadabra,,kadabra,KADABRA,64
Alakazam,,alakazam,ALAKAZAM,65
Machop,,machop,MACHOP,66
Machoke,,machoke,MACHOKE,67
Machamp,,machamp,MACHAMP,68
Bellsprout,,bellsprout,BELLSPROUT,69
Weepinbell,,weepinbell,WEEPINBELL,70
Victreebel,,victreebel,VICTREEBEL,71
Tentacool,,tentacool,TENTACOOL,72
Tentacruel,,tentacruel,TENTACRUEL,73
Geodude,,geodude,GEODUDE,74
Graveler,,graveler,GRAVELER,75
Golem,,golem,GOLEM,76
Ponyta,,ponyta,PONYTA,77
Rapidash,,rapidash,RAPIDASH,78
Slowpoke,,slowpoke,SLOWPOKE,79
Slowbro,,slowbro,SLOWBRO,80
Magnemite,,magnemite,MAGNEMITE,81
Magneton,,magneton,MAGNETON,82
Farfetch'd,,farfetch'd,FARFETCH'D,83
Doduo,,doduo,DODUO,84
Dodrio,,dodrio,DODRIO,85
Seel,,seel,SEEL,86
Dewgong,,dewgong,DEWGONG,87
Grimer,,grimer,GRIMER,88
Muk,,muk,MUK,89
Shellder,,shellder,SHELLDER,90
Cloyster,,cloyster,CLOYSTER,91
Gastly,,gastly,GASTLY,92
Haunter,,haunter,HAUNTER,93
Gengar,,gengar,GENGAR,94
Onix,,onix,ONIX,95
Drowzee,,drowzee,DROWZEE,96
Hypno,,hypno,HYPNO,97
Krabby,,krabby,KRABBY,98
Kingler,,kingler,KINGLER,99
Voltorb,,voltorb,VOLTORB,100
Electrode,,electrode,ELECTRODE,101
Exeggcute,,exeggcute,EXEGGCUTE,102
Exeggutor,,exeggutor,EXEGGUTOR,103
Cubone,,cubone,CUBONE,104
Marowak,,marowak,MAROWAK,105
Hitmonlee,,hitmonlee,HITMONLEE,106
Hitmonchan,,hitmonchan,HITMONCHAN,107
Lickitung,,lickitung,LICKITUNG,108
Koffing,,koffing,KOFFING,109
Weezing,,weezing,WEEZING,110
Rhyhorn,,rhyhorn,RHYHORN,111
Rhydon,,rhydon,RHYDON,112
Chansey,,chansey,CHANSEY,113
Tangela,,tangela,TANGELA,114
Kangaskhan,,kangaskhan,KANGASKHAN,115
Horsea,,horsea,HORSEA,116
Seadra,,seadra,SEADRA,117
Goldeen,,goldeen,GOLDEEN,118
Seaking,,seaking,SEAKING,119
Staryu,,staryu,STARYU,120
Starmie,,starmie,STARMIE,121
Mr. Mime,,mr. mime,MR. MIME,122
Scyther,,scyther,SCYTHER,123
Jynx,,jynx,JYNX,124
Electabuzz,,electabuzz,ELECTABUZZ,125
Magmar,,magmar,MAGMAR,126
Pinsir,,pinsir,PINSIR,127
Tauros,,tauros,TAUROS,128
Magikarp,,magikarp,MAGIKARP,129
Gyarados,,gyarados,GYARADOS,130
Lapras,,lapras,LAPRAS,131
Ditto,,ditto,DITTO,132
Eevee,,eevee,EEVEE,133
Vaporeon,,vaporeon,VAPOREON,134
Jolteon,,jolteon,JOLTEON,135
Flareon,,flareon,FLAREON,136
Porygon,,porygon,PORYGON,137
Omanyte,,omanyte,OMANYTE,138
Omastar,,omastar,OMASTAR,139
Kabuto,,kabuto,KABUTO,140
Kabutops,,kabutops,KABUTOPS,141
Aerodactyl,,aerodactyl,AERODACTYL,142
Snorlax,,snorlax,SNORLAX,143
Articuno,,articuno,ARTICUNO,144
Zapdos,,zapdos,ZAPDOS,145
Moltres,,moltres,MOLTRES,146
Dratini,,dratini,DRATINI,147
Dragonair,,dragonair,DRAGONAIR,148
Dragonite,,dragonite,DRAGONITE,149
Mewtwo,,mewtwo,MEWTWO,150,mewtow
Mew,,mew,MEW,151
Chikorita,,chikorita,CHIKORITA,152
Bayleef,,bayleef,BAYLEEF,153
Meganium,,meganium,MEGANIUM,154
Cyndaquil,,cyndaquil,CYNDAQUIL,155
Quilava,,quilava,QUILAVA,156
Typhlosion,,typhlosion,TYPHLOSION,157
Totodile,,totodile,TOTODILE,158
Croconaw,,croconaw,CROCONAW,159
Feraligatr,,feraligatr,FERALIGATR,160
Sentret,,sentret,SENTRET,161
Furret,,furret,FURRET,162
Hoothoot,,hoothoot,HOOTHOOT,163
Noctowl,,noctowl,NOCTOWL,164
Ledyba,,ledyba,LEDYBA,165
Ledian,,ledian,LEDIAN,166
Spinarak,,spinarak,SPINARAK,167
Ariados,,ariados,ARIADOS,168
Crobat,,crobat,CROBAT,169
Chinchou,,chinchou,CHINCHOU,170
Lanturn,,lanturn,LANTURN,171
Pichu,,pichu,PICHU,172
Cleffa,,cleffa,CLEFFA,173
Igglybuff,,igglybuff,IGGLYBUFF,174
Togepi,,togepi,TOGEPI,175
Togetic,,togetic,TOGETIC,176
Natu,,natu,NATU,177
Xatu,,xatu,XATU,178
Mareep,,mareep,MAREEP,179
Flaaffy,,flaaffy,FLAAFFY,180
Ampharos,,ampharos,AMPHAROS,181
Bellossom,,bellossom,BELLOSSOM,182
Marill,,marill,MARILL,183
Azumarill,,azumarill,AZUMARILL,184
Sudowoodo,,sudowoodo,SUDOWOODO,185
Politoed,,politoed,POLITOED,186
Hoppip,,hoppip,HOPPIP,187
Skiploom,,skiploom,SKIPLOOM,188
Jumpluff,,jumpluff,JUMPLUFF,189
Aipom,,aipom,AIPOM,190
Sunkern,,sunkern,SUNKERN,191
Sunflora,,sunflora,SUNFLORA,192
Yanma,,yanma,YANMA,193
Wooper,,wooper,WOOPER,194
Quagsire,,quagsire,QUAGSIRE,195
Espeon,,espeon,ESPEON,196
Umbreon,,umbreon,UMBREON,197
Murkrow,,murkrow,MURKROW,198
Slowking,,slowking,SLOWKING,199
Misdreavus,,misdreavus,MISDREAVUS,200
Unown,,unown,UNOWN,201
Wobbuffet,,wobbuffet,WOBBUFFET,202
Girafarig,,girafarig,GIRAFARIG,203
Pineco,,pineco,PINECO,204
Forretress,,forretress,FORRETRESS,205
Dunsparce,,dunsparce,DUNSPARCE,206
Gligar,,gligar,GLIGAR,207
Teddiursa,,teddiursa,TEDDIURSA,216
Ursaring,,ursaring,URSARING,217
Slugma,,slugma,SLUGMA,218
Magcargo,,magcargo,MAGCARGO,219
Swinub,,swinub,SWINUB,220
Piloswine,,piloswine,PILOSWINE,221
Corsola,,corsola,CORSOLA,222
Remoraid,,remoraid,REMORAID,223
Octillery,,octillery,OCTILLERY,224
Delibird,,delibird,DELIBIRD,225
Mantine,,mantine,MANTINE,226
Skarmory,,skarmory,SKARMORY,227
Houndour,,houndour,HOUNDOUR,228
Houndoom,,houndoom,HOUNDOOM,229
Kingdra,,kingdra,KINGDRA,230
Phanpy,,phanpy,PHANPY,231
Donphan,,donphan,DONPHAN,232
Porygon2,,porygon2,PORYGON2,233
Stantler,,stantler,STANTLER,234
Smeargle,,smeargle,SMEARGLE,235
Tyrogue,,tyrogue,TYROGUE,236
Hitmontop,,hitmontop,HITMONTOP,237
Smoochum,,smoochum,SMOOCHUM,238
Elekid,,elekid,ELEKID,239
Magby,,magby,MAGBY,240
Miltank,,miltank,MILTANK,241
Blissey,,blissey,BLISSEY,242
Raikou,,raikou,RAIKOU,243
Entei,,entei,ENTEI,244
Suicune,,suicune,SUICUNE,245
Larvitar,,larvitar,LARVITAR,246
Pupitar,,pupitar,PUPITAR,247
Tyranitar,,tyranitar,TYRANITAR,248
Lugia,,lugia,LUGIA,249
Ho-oh,,ho-oh,HO-OH,250
Celebi,,celebi,CELEBI,251
Treecko,,treecko,TREECKO,252
Grovyle,,grovyle,GROVYLE,253
Sceptile,,sceptile,SCEPTILE,254
Torchic,,torchic,TORCHIC,255
Combusken,,combusken,COMBUSKEN,256
Blaziken,,blaziken,BLAZIKEN,257
Mudkip,,mudkip,MUDKIP,258
Marshtomp,,marshtomp,MARSHTOMP,259
Swampert,,swampert,SWAMPERT,260
Poochyena,,poochyena,POOCHYENA,261
Mightyena,,mightyena,MIGHTYENA,262
Zigzagoon,,zigzagoon,ZIGZAGOON,263
Linoone,,linoone,LINOONE,264
Wurmple,,wurmple,WURMPLE,265
Silcoon,,silcoon,SILCOON,266
Beautifly,,beautifly,BEAUTIFLY,267
Cascoon,,cascoon,CASCOON,268
Dustox,,dustox,DUSTOX,269
Lotad,,lotad,LOTAD,270
Lombre,,lombre,LOMBRE,271
Ludicolo,,ludicolo,LUDICOLO,272
Seedot,,seedot,SEEDOT,273
Nuzleaf,,nuzleaf,NUZLEAF,274
Shiftry,,shiftry,SHIFTRY,275
Taillow,,taillow,TAILLOW,276
Swellow,,swellow,SWELLOW,277
Wingull,,wingull,WINGULL,278
Pelipper,,pelipper,PELIPPER,279
Ralts,,ralts,RALTS,280
Kirlia,,kirlia,KIRLIA,281
Gardevoir,,gardevoir,GARDEVOIR,282
Surskit,,surskit,SURSKIT,283
Shinx,,shinx,SHINX,403
Luxio,,luxio,LUXIO,404
Luxray,,luxray,LUXRAY,405
Budew,,budew,BUDEW,406
Roserade,,roserade,ROSERADE,407
Cranidos,,cranidos,CRANIDOS,408
Rampardos,,rampardos,RAMPARDOS,409
Shieldon,,shieldon,SHIELDON,410
Bastiodon,,bastiodon,BASTIODON,411
Burmy,,burmy,BURMY,412
Wormadam,,wormadam,WORMADAM,413
Mothim,,mothim,MOTHIM,414
Combee,,combee,COMBEE,415
Vespiquen,,vespiquen,VESPIQUEN,416
Pachirisu,,pachirisu,PACHIRISU,417
Buizel,,buizel,BUIZEL,418
Floatzel,,floatzel,FLOATZEL,419
Cherubi,,cherubi,CHERUBI,420
Cherrim,,cherrim,CHERRIM,421
Shellos,,shellos,SHELLOS,422
Gastrodon,,gastrodon,GASTRODON,423
Ambipom,,ambipom,AMBIPOM,424
Drifloon,,drifloon,DRIFLOON,425
Drifblim,,drifblim,DRIFBLIM,426
Buneary,,buneary,BUNEARY,427
Lopunny,,lopunny,LOPUNNY,428
Mismagius,,mismagius,MISMAGIUS,429
Honchkrow,,honchkrow,HONCHKROW,430
Glameow,,glameow,GLAMEOW,431
Purugly,,purugly,PURUGLY,432
Chingling,,chingling,CHINGLING,433
Stunky,,stunky,STUNKY,434
Skuntank,,skuntank,SKUNTANK,435
Bronzor,,bronzor,BRONZOR,436
Bronzong,,bronzong,BRONZONG,437
Bonsly,,bonsly,BONSLY,438
Mime Jr.,,mime jr.,MIME JR.,439
Happiny,,happiny,HAPPINY,440
Chatot,,chatot,CHATOT,441
Spiritomb,,spiritomb,SPIRITOMB,442
Gible,,gible,GIBLE,443
Gabite,,gabite,GABITE,444
Garchomp,,garchomp,GARCHOMP,445
Munchlax,,munchlax,MUNCHLAX,446
Riolu,,riolu,RIOLU,447
Lucario,,lucario,LUCARIO,448
Hippopotas,,hippopotas,HIPPOPOTAS,449
Hippowdon,,hippowdon,HIPPOWDON,450
Skorupi,,skorupi,SKORUPI,451
Drapion,,drapion,DRAPION,452
Croagunk,,croagunk,CROAGUNK,453
Toxicroak,,toxicroak,TOXICROAK,454
Carnivine,,carnivine,CARNIVINE,455
Finneon,,finneon,FINNEON,456
Lumineon,,lumineon,LUMINEON,457
Mantyke,,mantyke,MANTYKE,458
Snover,,snover,SNOVER,459
Abomasnow,,abomasnow,ABOMASNOW,460
Weavile,,weavile,WEAVILE,461
Magnezone,,magnezone,MAGNEZONE,462
Lickilicky,,lickilicky,LICKILICKY,463
Rhyperior,,rhyperior,RHYPERIOR,464
Tangrowth,,tangrowth,TANGROWTH,465
Electivire,,electivire,ELECTIVIRE,466
Magmortar,,magmortar,MAGMORTAR,467
Togekiss,,togekiss,TOGEKISS,468
Yanmega,,yanmega,YANMEGA,469
Leafeon,,leafeon,LEAFEON,470
Glaceon,,glaceon,GLACEON,471
Gliscor,,gliscor,GLISCOR,472
Mamoswine,,mamoswine,MAMOSWINE,473
Porygon-Z,,porygon-z,PORYGON-Z,474
Gallade,,gallade,GALLADE,475
Probopass,,probopass,PROBOPASS,476
Dusknoir,,dusknoir,DUSKNOIR,477
Froslass,,froslass,FROSLASS,478
Rotom,,rotom,ROTOM,479
Uxie,,uxie,UXIE,480
Mesprit,,mesprit,MESPRIT,481
Azelf,,azelf,AZELF,482
Darkrai,,darkrai,DARKRAI,491
Shaymin,,shaymin,SHAYMIN,492
Arceus,,arceus,ARCEUS,493
Victini,,victini,VICTINI,494
Snivy,,snivy,SNIVY,495
Servine,,servine,SERVINE,496
Serperior,,serperior,SERPERIOR,497
Tepig,,tepig,TEPIG,498
Pignite,,pignite,PIGNITE,499
Emboar,,emboar,EMBOAR,500
Oshawott,,oshawott,OSHAWOTT,501
Dewott,,dewott,DEWOTT,502
Samurott,,samurott,SAMUROTT,503
Patrat,,patrat,PATRAT,504
Watchog,,watchog,WATCHOG,505
Lillipup,,lillipup,LILLIPUP,506
Herdier,,herdier,HERDIER,507
Stoutland,,stoutland,STOUTLAND,508
Purrloin,,purrloin,PURRLOIN,509
Liepard,,liepard,LIEPARD,510
Pansage,,pansage,PANSAGE,511
Simisage,,simisage,SIMISAGE,512
Pansear,,pansear,PANSEAR,513
Simisear,,simisear,SIMISEAR,514
Panpour,,panpour,PANPOUR,515
Simipour,,simipour,SIMIPOUR,516
Munna,,munna,MUNNA,517
Musharna,,musharna,MUSHARNA,518
Pidove,,pidove,PIDOVE,519
Tranquill,,tranquill,TRANQUILL,520
Unfezant,,unfezant,UNFEZANT,521
Blitzle,,blitzle,BLITZLE,522
Zebstrika,,zebstrika,ZEBSTRIKA,523
Roggenrola,,roggenrola,ROGGENROLA,524
Boldore,,boldore,BOLDORE,525
Gigalith,,gigalith,GIGALITH,526
Woobat,,woobat,WOOBAT,527
Swoobat,,swoobat,SWOOBAT,528
Drilbur,,drilbur,DRILBUR,529
Excadrill,,excadrill,EXCADRILL,530
Audino,,audino,AUDINO,531
Timburr,,timburr,TIMBURR,532
Gurdurr,,gurdurr,GURDURR,533
Conkeldurr,,conkeldurr,CONKELDURR,534
Tympole,,tympole,TYMPOLE,535
Palpitoad,,palpitoad,PALPITOAD,536
Seismitoad,,seismitoad,SEISMITOAD,537
Throh,,throh,THROH,538
Sawk,,sawk,SAWK,539
Sewaddle,,sewaddle,SEWADDLE,540
Swadloon,,swadloon,SWADLOON,541
Leavanny,,leavanny,LEAVANNY,542
Venipede,,venipede,VENIPEDE,543
Whirlipede,,whirlipede,WHIRLIPEDE,544
Scolipede,,scolipede,SCOLIPEDE,545
Cottonee,,cottonee,COTTONEE,546
Whimsicott,,whimsicott,WHIMSICOTT,547
Petilil,,petilil,PETILIL,548
Lilligant,,lilligant,LILLIGANT,549
Basculin,,basculin,BASCULIN,550
Sandile,,sandile,SANDILE,551
Krokorok,,krokorok,KROKOROK,552
Krookodile,,krookodile,KROOKODILE,553
Darumaka,,darumaka,DARUMAKA,554
Darmanitan,,darmanitan,DARMANITAN,555
Maractus,,maractus,MARACTUS,556
Dwebble,,dwebble,DWEBBLE,557
Crustle,,crustle,CRUSTLE,558
Scraggy,,scraggy,SCRAGGY,559
Scrafty,,scrafty,SCRAFTY,560
Sigilyph,,sigilyph,SIGILYPH,561
Yamask,,yamask,YAMASK,562
Cofagrigus,,cofagrigus,COFAGRIGUS,563
Tirtouga,,tirtouga,TIRTOUGA,564
Carracosta,,carracosta,CARRACOSTA,565
Archen,,archen,ARCHEN,566
Archeops,,archeops,ARCHEOPS,567
Trubbish,,trubbish,TRUBBISH,568
Garbodor,,garbodor,GARBODOR,569
Zorua,,zorua,ZORUA,570
Zoroark,,zoroark,ZOROARK,571
Minccino,,minccino,MINCCINO,572
Cinccino,,cinccino,CINCCINO,573
Gothita,,gothita,GOTHITA,574
Gothorita,,gothorita,GOTHORITA,575
Gothitelle,,gothitelle,GOTHITELLE,576
Solosis,,solosis,SOLOSIS,577
Duosion,,duosion,DUOSION,578
Reuniclus,,reuniclus,REUNICLUS,579
Ducklett,,ducklett,DUCKLETT,580
Swanna,,swanna,SWANNA,581
Vanillite,,vanillite,VANILLITE,582
Vanillish,,vanillish,VANILLISH,583
Vanilluxe,,vanilluxe,VANILLUXE,584
Deerling,,deerling,DEERLING,585
Sawsbuck,,sawsbuck,SAWSBUCK,586
Emolga,,emolga,EMOLGA,587
Karrablast,,karrablast,KARRABLAST,588
Escavalier,,escavalier,ESCAVALIER,589
Foongus,,foongus,FOONGUS,590
Amoonguss,,amoonguss,AMOONGUSS,591
Frillish,,frillish,FRILLISH,592
Jellicent,,jellicent,JELLICENT,593
Alomomola,,alomomola,ALOMOMOLA,594
Joltik,,joltik,JOLTIK,595
Galvantula,,galvantula,GALVANTULA,596
Ferroseed,,ferroseed,FERROSEED,597
Ferrothorn,,ferrothorn,FERROTHORN,598
Klink,,klink,KLINK,599
Klang,,klang,KLANG,600
Klinklang,,klinklang,KLINKLANG,601
Tynamo,,tynamo,TYNAMO,602
Eelektrik,,eelektrik,EELEKTRIK,603
Eelektross,,eelektross,EELEKTROSS,604
Elgyem,,elgyem,ELGYEM,605
Beheeyem,,beheeyem,BEHEEYEM,606
Litwick,,litwick,LITWICK,607
Lampent,,lampent,LAMPENT,608
Chandelure,,chandelure,CHANDELURE,609
Axew,,axew,AXEW,610
Fraxure,,fraxure,FRAXURE,611
Haxorus,,haxorus,HAXORUS,612
Cubchoo,,cubchoo,CUBCHOO,613
Palossand,,palossand,PALOSSAND,770
Pyukumuku,,pyukumuku,PYUKUMUKU,771
Type: Null,,type: null,TYPE: NULL,772
Silvally,,silvally,SILVALLY,773
Minior,,minior,MINIOR,774
Komala,,komala,KOMALA,775
Turtonator,,turtonator,TURTONATOR,776
Togedemaru,,togedemaru,TOGEDEMARU,777
Mimikyu,,mimikyu,MIMIKYU,778
Bruxish,,bruxish,BRUXISH,779
Drampa,,drampa,DRAMPA,780,grampa
Dhelmise,,dhelmise,DHELMISE,781
Jangmo-o,,jangmo-o,JANGMO-O,782
Hakamo-o,,hakamo-o,HAKAMO-O,783
Kommo-o,,kommo-o,KOMMO-O,784
Tapu Koko,,tapu koko,TAPU KOKO,785
Tapu Lele,,tapu lele,TAPU LELE,786
Tapu Bulu,,tapu bulu,TAPU BULU,787
Tapu Fini,,tapu fini,TAPU FINI,788
Cosmog,,cosmog,COSMOG,789
Cosmoem,,cosmoem,COSMOEM,790
Solgaleo,,solgaleo,SOLGALEO,791
Lunala,,lunala,LUNALA,792
Nihilego,,nihilego,NIHILEGO,793
Buzzwole,,buzzwole,BUZZWOLE,794
Pheromosa,,pheromosa,PHEROMOSA,795
Xurkitree,,xurkitree,XURKITREE,796
Celesteela,,celesteela,CELESTEELA,797
Kartana,,kartana,KARTANA,798
Guzzlord,,guzzlord,GUZZLORD,799,Discord
Necrozma,,necrozma,NECROZMA,800
Magearna,,magearna,MAGEARNA,801
Marshadow,,marshadow,MARSHADOW,802
Poipole,,poipole,POIPOLE,803
Naganadel,,naganadel,NAGANADEL,804
Stakataka,,stakataka,STAKATAKA,805
Blacephalon,,blacephalon,BLACEPHALON,806
Zeraora,,zeraora,ZERAORA,807
Meltan,,meltan,MELTAN,808
Melmetal,,melmetal,MELMETAL,809
Grookey,,grookey,GROOKEY,810
Thwackey,,thwackey,THWACKEY,811
Rillaboom,,rillaboom,RILLABOOM,812
Scorbunny,,scorbunny,SCORBUNNY,813
Raboot,,raboot,RABOOT,814
Cinderace,,cinderace,CINDERACE,815
Sobble,,sobble,SOBBLE,816
Drizzile,,drizzile,DRIZZILE,817
Inteleon,,inteleon,INTELEON,818
Skwovet,,skwovet,SKWOVET,819
Greedent,,greedent,GREEDENT,820
Rookidee,,rookidee,ROOKIDEE,821
Corvisquire,,corvisquire,CORVISQUIRE,822
Corviknight,,corviknight,CORVIKNIGHT,823
Blipbug,,blipbug,BLIPBUG,824
Dottler,,dottler,DOTTLER,825
Orbeetle,,orbeetle,ORBEETLE,826
Nickit,,nickit,NICKIT,827
Thievul,,thievul,THIEVUL,828
Gossifleur,,gossifleur,GOSSIFLEUR,829
Eldegoss,,eldegoss,ELDEGOSS,830
Wooloo,,wooloo,WOOLOO,831
Dubwool,,dubwool,DUBWOOL,832
Chewtle,,chewtle,CHEWTLE,833
Drednaw,,drednaw,DREDNAW,834
Yamper,,yamper,YAMPER,835
Boltund,,boltund,BOLTUND,836
Rolycoly,,rolycoly,ROLYCOLY,837
Carkol,,carkol,CARKOL,838
Coalossal,,coalossal,COALOSSAL,839
Applin,,applin,APPLIN,840
Flapple,,flapple,FLAPPLE,841
Appletun,,appletun,APPLETUN,842
Silicobra,,silicobra,SILICOBRA,843
Sandaconda,,sandaconda,SANDACONDA,844
Cramorant,,cramorant,CRAMORANT,845
Arrokuda,,arrokuda,ARROKUDA,846
Barraskewda,,barraskewda,BARRASKEWDA,847
Toxel,,toxel,TOXEL,848
Toxtricity,,toxtricity,TOXTRICITY,849
Sizzlipede,,sizzlipede,SIZZLIPEDE,850
Centiskorch,,centiskorch,CENTISKORCH,851
Clobbopus,,clobbopus,CLOBBOPUS,852
Grapploct,,grapploct,GRAPPLOCT,853
Sinistea,,sinistea,SINISTEA,854
Polteageist,,polteageist,POLTEAGEIST,855
Hatenna,,hatenna,HATENNA,856
Hattrem,,hattrem,HATTREM,857
Hatterene,,hatterene,HATTERENE,858
Impidimp,,impidimp,IMPIDIMP,859
Morgrem,,morgrem,MORGREM,860
Grimmsnarl,,grimmsnarl,GRIMMSNARL,861
Obstagoon,,obstagoon,OBSTAGOON,862
Perrserker,,perrserker,PERRSERKER,863
Cursola,,cursola,CURSOLA,864
Sirfetch'd,,sirfetch'd,SIRFETCH'D,865
Mr. Rime,,mr. rime,MR. RIME,866
Runerigus,,runerigus,RUNERIGUS,867
Milcery,,milcery,MILCERY,868
Alcremie,,alcremie,ALCREMIE,869
Falinks,,falinks,FALINKS,870
Pincurchin,,pincurchin,PINCURCHIN,871
Snom,,snom,SNOM,872
Frosmoth,,frosmoth,FROSMOTH,873
Stonjourner,,stonjourner,STONJOURNER,874
Eiscue,,eiscue,EISCUE,875
Indeedee,,indeedee,INDEEDEE,876
Morpeko,,morpeko,MORPEKO,877
Cufant,,cufant,CUFANT,878
Copperajah,,copperajah,COPPERAJAH,879
Dracozolt,,dracozolt,DRACOZOLT,880
Arctozolt,,arctozolt,ARCTOZOLT,881
Dracovish,,dracovish,DRACOVISH,882
Arctovish,,arctovish,ARCTOVISH,883
Duraludon,,duraludon,DURALUDON,884
Dreepy,,dreepy,DREEPY,885
Drakloak,,drakloak,DRAKLOAK,886
Dragapult,,dragapult,DRAGAPULT,887
Zacian,,zacian,ZACIAN,888
Zamazenta,,zamazenta,ZAMAZENTA,889
Eternatus,,eternatus,ETERNATUS,890
Sylveon,,sylveon
Alolan Rattata,,Rattata Alolan,Alola Rattata,Rattata Alola,hello Rattata,Rattata hello,hola Rattata,Rattata hola,aloha Rattata,Rattata aloha,a low a Rattata,Rattata a low a,a low win Rattata,Rattata a low win
Alolan Raticate,,Raticate Alolan,Alola Raticate,Raticate Alola,hello Raticate,Raticate hello,hola Raticate,Raticate hola,aloha Raticate,Raticate aloha,a low a Raticate,Raticate a low a,a low win Raticate,Raticate a low win
Alolan Raichu,,Raichu Alolan,Alola Raichu,Raichu Alola,hello Raichu,Raichu hello,hola Raichu,Raichu hola,aloha Raichu,Raichu aloha,a low a Raichu,Raichu a low a,a low win Raichu,Raichu a low win
Alolan Sandshrew,,Sandshrew Alolan,Alola Sandshrew,Sandshrew Alola,hello Sandshrew,Sandshrew hello,hola Sandshrew,Sandshrew hola,aloha Sandshrew,Sandshrew aloha,a low a Sandshrew,Sandshrew a low a,a low win Sandshrew,Sandshrew a low win
Alolan Sandslash,,Sandslash Alolan,Alola Sandslash,Sandslash Alola,hello Sandslash,Sandslash hello,hola Sandslash,Sandslash hola,aloha Sandslash,Sandslash aloha,a low a Sandslash,Sandslash a low a,a low win Sandslash,Sandslash a low win
Alolan Vulpix,,Vulpix Alolan,Alola Vulpix,Vulpix Alola,hello Vulpix,Vulpix hello,hola Vulpix,Vulpix hola,aloha Vulpix,Vulpix aloha,a low a Vulpix,Vulpix a low a,a low win Vulpix,Vulpix a low win
Alolan Ninetails,,Ninetails Alolan,Alola Ninetails,Ninetails Alola,hello Ninetails,Ninetails hello,hola Ninetails,Ninetails hola,aloha Ninetails,Ninetails aloha,a low a Ninetails,Ninetails a low a,a low win Ninetails,Ninetails a low win
Alolan Diglett,,Diglett Alolan,Alola Diglett,Diglett Alola,hello Diglett,Diglett hello,hola Diglett,Diglett hola,aloha Diglett,Diglett aloha,a low a Diglett,Diglett a low a,a low win Diglett,Diglett a low win
Alolan Dugtrio,,Dugtrio Alolan,Alola Dugtrio,Dugtrio Alola,hello Dugtrio,Dugtrio hello,hola Dugtrio,Dugtrio hola,aloha Dugtrio,Dugtrio aloha,a low a Dugtrio,Dugtrio a low a,a low win Dugtrio,Dugtrio a low win
Alolan Meowth,,Meowth Alolan,Alola Meowth,Meowth Alola,hello Meowth,Meowth hello,hola Meowth,Meowth hola,aloha Meowth,Meowth aloha,a low a Meowth,Meowth a low a,a low win Meowth,Meowth a low win
Alolan Persian,,Persian Alolan,Alola Persian,Persian Alola,hello Persian,Persian hello,hola Persian,Persian hola,aloha Persian,Persian aloha,a low a Persian,Persian a low a,a low win Persian,Persian a low win
Alolan Geodude,,Geodude Alolan,Alola Geodude,Geodude Alola,hello Geodude,Geodude hello,hola Geodude,Geodude hola,aloha Geodude,Geodude aloha,a low a Geodude,Geodude a low a,a low win Geodude,Geodude a low win
Alolan Graveler,,Graveler Alolan,Alola Graveler,Graveler Alola,hello Graveler,Graveler hello,hola Graveler,Graveler hola,aloha Graveler,Graveler aloha,a low a Graveler,Graveler a low a,a low win Graveler,Graveler a low win
Alolan Golem,,Golem Alolan,Alola Golem,Golem Alola,hello Golem,Golem hello,hola Golem,Golem hola,aloha Golem,Golem aloha,a low a Golem,Golem a low a,a low win Golem,Golem a low win
Alolan Grimer,,Grimer Alolan,Alola Grimer,Grimer Alola,hello Grimer,Grimer hello,hola Grimer,Grimer hola,aloha Grimer,Grimer aloha,a low a Grimer,Grimer a low a,a low win Grimer,Grimer a low win
Alolan Muk,,Muk Alolan,Alola Muk,Muk Alola,hello Muk,Muk hello,hola Muk,Muk hola,aloha Muk,Muk aloha,a low a Muk,Muk a low a,a low win Muk,Muk a low win
Alolan Exeggutor,,Exeggutor Alolan,Alola Exeggutor,Exeggutor Alola,hello Exeggutor,Exeggutor hello,hola Exeggutor,Exeggutor hola,aloha Exeggutor,Exeggutor aloha,a low a Exeggutor,Exeggutor a low a,a low win Exeggutor,Exeggutor a low win
Alolan Marowak,,Marowak Alolan,Alola Marowak,Marowak Alola,hello Marowak,Marowak hello,hola Marowak,Marowak hola,aloha Marowak,Marowak aloha,a low a Marowak,Marowak a low a,a low win Marowak,Marowak a low win
Galarian Zigzagoon,,Zigzagoon Galarian,Galar Zigzagoon,Zigzagoon Galar,galer Zigzagoon,Zigzagoon galer,galorian Zigzagoon,Zigzagoon galorian,galar win Zigzagoon,Zigzagoon galar win
Galarian Linoone,,Linoone Galarian,Galar Linoone,Linoone Galar,galer Linoone,Linoone galer,galorian Linoone,Linoone galorian,galar win Linoone,Linoone galar win
Galarian Meowth,,Meowth Galarian,Galar Meowth,Meowth Galar,galer Meowth,Meowth galer,galorian Meowth,Meowth galorian,galar win Meowth,Meowth galar win
Galarian Perrserker,,Perrserker Galarian,Galar Perrserker,Perrserker Galar,galer Perrserker,Perrserker galer,galorian Perrserker,Perrserker galorian,galar win Perrserker,Perrserker galar win
Galarian Farfetch'd,,Farfetch'd Galarian,Galar Farfetch'd,Farfetch'd Galar,galer Farfetch'd,Farfetch'd galer,galorian Farfetch'd,Farfetch'd galorian,galar win Farfetch'd,Farfetch'd galar win
Galarian Sirfetch'd,,Sirfetch'd Galarian,Galar Sirfetch'd,Sirfetch'd Galar,galer Sirfetch'd,Sirfetch'd galer,galorian Sirfetch'd,Sirfetch'd galorian,galar win Sirfetch'd,Sirfetch'd galar win
Galarian Stunfisk,,Stunfisk Galarian,Galar Stunfisk,Stunfisk Galar,galer Stunfisk,Stunfisk galer,galorian Stunfisk,Stunfisk galorian,galar win Stunfisk,Stunfisk galar win
Galarian Corsola,,Corsola Galarian,Galar Corsola,Corsola Galar,galer Corsola,Corsola galer,galorian Corsola,Corsola galorian,galar win Corsola,Corsola galar win
Galarian Weezing,,Weezing Galarian,Galar Weezing,Weezing Galar,galer Weezing,Weezing galer,galorian Weezing,Weezing galorian,galar win Weezing,Weezing galar win
Galarian Yamask,,Yamask Galarian,Galar Yamask,Yamask Galar,galer Yamask,Yamask galer,galorian Yamask,Yamask galorian,galar win Yamask,Yamask galar win
Galarian Ponyta,,Ponyta Galarian,Galar Ponyta,Ponyta Galar,galer Ponyta,Ponyta galer,galorian Ponyta,Ponyta galorian,galar win Ponyta,Ponyta galar win
Galarian Rapidash,,Rapidash Galarian,Galar Rapidash,Rapidash Galar,galer Rapidash,Rapidash galer,galorian Rapidash,Rapidash galorian,galar win Rapidash,Rapidash galar win
Galarian Mr. Mime,,Mr. Mime Galarian,Galar Mr. Mime,Mr. Mime Galar,galer Mr. Mime,Mr. Mime galer,galorian Mr. Mime,Mr. Mime galorian,galar win Mr. Mime,Mr. Mime galar win
Galarian Darumaka,,Darumaka Galarian,Galar Darumaka,Darumaka Galar,galer Darumaka,Darumaka galer,galorian Darumaka,Darumaka galorian,galar win Darumaka,Darumaka galar win
Galarian Darmanitan,,Darmanitan Galarian,Galar Darmanitan,Darmanitan Galar,galer Darmanitan,Darmanitan galer,galorian Darmanitan,Darmanitan galorian,galar win Darmanitan,Darmanitan galar win
Galarian Slowpoke,,Slowpoke Galarian,Galar Slowpoke,Slowpoke Galar,galer Slowpoke,Slowpoke galer,galorian Slowpoke,Slowpoke galorian,galar win Slowpoke,Slowpoke galar win
Galarian Slowbro,,Slowbro Galarian,Galar Slowbro,Slowbro Galar,galer Slowbro,Slowbro galer,galorian Slowbro,Slowbro galorian,galar win Slowbro,Slowbro galar win
,
